{
  "height": 273,
  "width": 485,
  "x": 1014.7587890625,
  "y": 300.8030090332031
}