{
  "height": 618,
  "width": 1100,
  "x": 209.60000610351562,
  "y": 559.6022815704346
}