{
  "height": 618,
  "width": 1100,
  "x": 209.60000610351562,
  "y": 477.9014892578125
}