{
  "height": 273,
  "width": 485,
  "x": 1034.556884765625,
  "y": 301.996826171875
}