{
  "height": 273,
  "width": 485,
  "x": 954.9420166015625,
  "y": 297.3385925292969
}