{
  "height": 273,
  "width": 485,
  "x": 955.1629028320312,
  "y": 297.3514099121094
}