{
  "height": 618,
  "width": 1100,
  "x": 209.60000610351562,
  "y": 519.4123764038086
}