{
  "height": 41,
  "width": 80,
  "x": 1091.2249755859375,
  "y": 14.600000381469727
}