{
  "height": 41,
  "width": 82,
  "x": 1319.487548828125,
  "y": 14.600000381469727
}