{
  "height": 273,
  "width": 485,
  "x": 1014.3505859375,
  "y": 300.77838134765625
}