{
  "height": 273,
  "width": 485,
  "x": 987.6082153320312,
  "y": 299.2054138183594
}