{
  "height": 273,
  "width": 485,
  "x": 1014.3513793945312,
  "y": 300.7789611816406
}