{
  "height": 33,
  "width": 102,
  "x": 1376.5875244140625,
  "y": 16.100000381469727
}