{
  "height": 26,
  "width": 32,
  "x": 1213.5999755859375,
  "y": 6123.199920654297
}