{
  "height": 26,
  "width": 28,
  "x": 700.6124877929688,
  "y": 1215.0000305175781
}