{
  "height": 26,
  "width": 28,
  "x": 246.21250915527344,
  "y": 1215.0000305175781
}