{
  "height": 26,
  "width": 28,
  "x": 473.4125061035156,
  "y": 1215.0000305175781
}